Src IP,Dst IP,Src Port,Dst Port,Protocol,Duration (s),Out Bytes,In Bytes,Total Packets,Total Bytes,Bytes/sec,Bytes/pkt,Pkts/sec,Ratio Out/In,State Flags,Direction,Prediction
199.232.193.91,10.20.73.129,443.0,64344.0,6,78.12,2464,94,29,2558,32.75,88.21,0.37,26.21,ACK,->,0
10.20.73.129,199.232.193.91,64344.0,443.0,6,78.11,2040,66,29,2106,26.96,72.62,0.37,30.91,ACK,->,0
162.159.134.234,10.20.73.129,443.0,59873.0,6,73.51,928,113,10,1041,14.16,104.1,0.14,8.21,ACK,->,0
10.20.73.129,162.159.134.234,59873.0,443.0,6,73.51,702,66,10,768,10.45,76.8,0.14,10.64,ACK,->,0
10.20.73.129,172.16.0.101,64392.0,53.0,17,0.0,0,71,1,71,59559116.8,71.0,838860.8,0.0,,->,0
10.20.73.129,10.64.77.10,62160.0,53.0,17,0.0,0,71,1,71,74448896.0,71.0,1048576.0,0.0,,->,0
10.20.73.129,172.18.2.20,63694.0,53.0,17,0.0,0,71,1,71,0.0,71.0,0.0,0.0,,->,0
10.20.73.129,172.16.0.100,50423.0,53.0,17,0.0,0,71,1,71,0.0,71.0,0.0,0.0,,->,0
10.20.73.129,10.64.76.10,63183.0,53.0,17,0.0,0,71,1,71,59559116.8,71.0,838860.8,0.0,,->,0
10.20.73.129,172.18.3.20,50523.0,53.0,17,0.0,0,71,1,71,59559116.8,71.0,838860.8,0.0,,->,0
10.20.73.129,10.64.77.10,51279.0,53.0,17,0.0,0,71,1,71,59559116.8,71.0,838860.8,0.0,,->,0
10.20.73.129,10.64.76.10,52143.0,53.0,17,0.0,0,71,1,71,0.0,71.0,0.0,0.0,,->,0
10.20.73.129,172.16.0.100,61526.0,53.0,17,0.0,0,71,1,71,0.0,71.0,0.0,0.0,,->,0
10.20.73.129,172.16.0.101,61116.0,53.0,17,0.0,0,71,1,71,0.0,71.0,0.0,0.0,,->,0
10.20.73.129,172.18.2.20,61125.0,53.0,17,0.0,0,71,1,71,74448896.0,71.0,1048576.0,0.0,,->,0
10.20.73.129,172.18.3.20,52431.0,53.0,17,0.0,0,71,1,71,0.0,71.0,0.0,0.0,,->,0
10.20.73.129,172.18.3.20,51618.0,53.0,17,0.0,0,73,1,73,102061397.33,73.0,1398101.33,0.0,,->,0
10.20.73.129,172.16.0.100,65007.0,53.0,17,0.0,0,73,1,73,76546048.0,73.0,1048576.0,0.0,,->,0
10.20.73.129,10.64.77.10,54751.0,53.0,17,0.0,0,73,1,73,0.0,73.0,0.0,0.0,,->,0
10.20.73.129,172.18.2.20,54084.0,53.0,17,0.0,0,73,1,73,76546048.0,73.0,1048576.0,0.0,,->,0
10.20.73.129,10.64.76.10,57289.0,53.0,17,0.0,0,73,1,73,61236838.4,73.0,838860.8,0.0,,->,0
10.20.73.129,172.16.0.101,54828.0,53.0,17,0.0,0,73,1,73,0.0,73.0,0.0,0.0,,->,0
10.20.73.129,172.18.3.20,53578.0,53.0,17,0.0,0,73,1,73,0.0,73.0,0.0,0.0,,->,0
10.20.73.129,10.64.76.10,51208.0,53.0,17,0.0,0,73,1,73,0.0,73.0,0.0,0.0,,->,0
10.20.73.129,10.64.77.10,50932.0,53.0,17,0.0,0,73,1,73,76546048.0,73.0,1048576.0,0.0,,->,0
10.20.73.129,172.18.2.20,58394.0,53.0,17,0.0,0,73,1,73,61236838.4,73.0,838860.8,0.0,,->,0
10.20.73.129,172.16.0.100,50883.0,53.0,17,0.0,0,73,1,73,0.0,73.0,0.0,0.0,,->,0
10.20.73.129,172.16.0.101,55104.0,53.0,17,0.0,0,73,1,73,0.0,73.0,0.0,0.0,,->,0
10.20.73.129,172.18.3.20,50136.0,53.0,17,0.0,0,84,1,84,0.0,84.0,0.0,0.0,,->,0
10.20.73.129,172.16.0.100,52602.0,53.0,17,0.0,0,84,1,84,0.0,84.0,0.0,0.0,,->,0
10.20.73.129,10.64.77.10,55460.0,53.0,17,0.0,0,84,1,84,0.0,84.0,0.0,0.0,,->,0
10.20.73.129,172.16.0.101,61513.0,53.0,17,0.0,0,84,1,84,0.0,84.0,0.0,0.0,,->,0
10.20.73.129,10.64.76.10,52124.0,53.0,17,0.0,0,84,1,84,0.0,84.0,0.0,0.0,,->,0
10.20.73.129,172.18.2.20,57075.0,53.0,17,0.0,0,84,1,84,0.0,84.0,0.0,0.0,,->,0
10.20.73.129,172.18.2.20,64783.0,53.0,17,0.0,0,84,1,84,0.0,84.0,0.0,0.0,,->,0
10.20.73.129,10.64.77.10,62415.0,53.0,17,0.0,0,84,1,84,0.0,84.0,0.0,0.0,,->,0
10.20.73.129,172.18.3.20,55354.0,53.0,17,0.0,0,84,1,84,0.0,84.0,0.0,0.0,,->,0
10.20.73.129,172.16.0.100,52222.0,53.0,17,0.0,0,84,1,84,0.0,84.0,0.0,0.0,,->,0
10.20.73.129,10.64.76.10,52125.0,53.0,17,0.0,0,84,1,84,70464307.2,84.0,838860.8,0.0,,->,0
10.20.73.129,172.16.0.101,56623.0,53.0,17,0.0,0,84,1,84,70464307.2,84.0,838860.8,0.0,,->,0
172.16.0.100,10.20.73.129,53.0,50423.0,17,0.0,0,135,1,135,0.0,135.0,0.0,0.0,,->,0
172.16.0.100,10.20.73.129,53.0,65007.0,17,0.0,0,105,1,105,146800640.0,105.0,1398101.33,0.0,,->,0
172.16.0.101,10.20.73.129,53.0,54828.0,17,0.0,0,105,1,105,0.0,105.0,0.0,0.0,,->,0
172.16.0.100,10.20.73.129,53.0,50883.0,17,0.0,0,130,1,130,0.0,130.0,0.0,0.0,,->,0
10.20.73.129,172.16.0.101,,,1,61.62,2170,70,32,2240,36.35,70.0,0.52,31.0,,->,0
172.16.0.101,10.20.73.129,53.0,55104.0,17,0.0,0,130,1,130,0.0,130.0,0.0,0.0,,->,0
172.16.0.100,10.20.73.129,53.0,61526.0,17,0.0,0,183,1,183,0.0,183.0,0.0,0.0,,->,0
172.16.0.101,10.20.73.129,53.0,64392.0,17,0.0,0,183,1,183,0.0,183.0,0.0,0.0,,->,0
172.16.0.101,10.20.73.129,53.0,61116.0,17,0.0,0,135,1,135,0.0,135.0,0.0,0.0,,->,0
172.16.0.100,10.20.73.129,53.0,52602.0,17,0.0,0,195,1,195,163577856.0,195.0,838860.8,0.0,,->,0
172.16.0.100,10.20.73.129,53.0,52222.0,17,0.0,0,207,1,207,173644185.6,207.0,838860.8,0.0,,->,0
10.20.73.129,34.107.221.82,65035.0,80.0,6,70.89,900,78,11,978,13.8,88.91,0.16,11.54,"ACK, SYN",->,0
172.16.0.101,10.20.73.129,53.0,56623.0,17,0.0,0,207,1,207,173644185.6,207.0,838860.8,0.0,,->,0
34.107.221.82,10.20.73.129,80.0,65035.0,6,70.89,810,74,10,884,12.47,88.4,0.14,10.95,"ACK, SYN",->,0
172.16.0.101,10.20.73.129,53.0,61513.0,17,0.0,0,195,1,195,204472320.0,195.0,1048576.0,0.0,,->,0
10.20.73.129,64.31.35.242,57353.0,443.0,6,66.31,1151,54,15,1205,18.17,80.33,0.23,21.31,ACK,->,0
64.31.35.242,10.20.73.129,443.0,57353.0,6,66.3,1174,66,15,1240,18.7,82.67,0.23,17.79,ACK,->,0
10.20.73.129,10.64.76.10,64696.0,53.0,17,0.0,0,108,1,108,0.0,108.0,0.0,0.0,,->,0
10.20.73.129,172.16.0.100,57062.0,53.0,17,0.0,0,108,1,108,90596966.4,108.0,838860.8,0.0,,->,0
10.20.73.129,172.16.0.101,54328.0,53.0,17,0.0,0,108,1,108,0.0,108.0,0.0,0.0,,->,0
10.20.73.129,172.18.3.20,64087.0,53.0,17,0.0,0,108,1,108,0.0,108.0,0.0,0.0,,->,0
10.20.73.129,10.64.77.10,52596.0,53.0,17,0.0,0,108,1,108,113246208.0,108.0,1048576.0,0.0,,->,0
10.20.73.129,172.18.2.20,62703.0,53.0,17,0.0,0,108,1,108,0.0,108.0,0.0,0.0,,->,0
172.16.0.101,10.20.73.129,53.0,54328.0,17,0.0,0,124,1,124,130023424.0,124.0,1048576.0,0.0,,->,0
10.20.73.129,20.103.246.163,65037.0,443.0,6,0.49,5092,78,15,5170,10613.88,344.67,30.79,65.28,"FIN, ACK, SYN",->,0
20.103.246.163,10.20.73.129,443.0,65037.0,6,0.48,7761,74,18,7835,16290.64,435.28,37.43,104.88,"FIN, ACK, SYN",->,0
172.16.0.100,10.20.73.129,53.0,57062.0,17,0.0,0,124,1,124,130023424.0,124.0,1048576.0,0.0,,->,0
10.20.73.129,172.16.0.100,,,1,44.49,420,70,7,490,11.01,70.0,0.16,6.0,,->,0
10.20.73.129,172.64.41.4,57370.0,443.0,6,64.49,42502,122,294,42624,660.91,144.98,4.56,348.38,ACK,->,0
172.64.41.4,10.20.73.129,443.0,57370.0,6,64.49,82544,66,305,82610,1281.0,270.85,4.73,1250.67,ACK,->,0
10.20.73.129,142.250.68.14,65039.0,443.0,6,74.5,146158,78,868,146236,1963.03,168.47,11.65,1873.82,"ACK, SYN",->,0
142.250.68.14,10.20.73.129,443.0,65039.0,6,74.52,3765964,74,3003,3766038,50534.54,1254.09,40.3,50891.41,"ACK, SYN",->,0
10.20.73.129,172.217.12.150,65040.0,443.0,6,47.3,37844,78,411,37922,801.74,92.27,8.69,485.18,"ACK, SYN",->,0
172.217.12.150,10.20.73.129,443.0,65040.0,6,47.34,1449936,74,1258,1450010,30632.81,1152.63,26.58,19593.73,"ACK, SYN",->,0
10.20.73.129,142.250.68.106,65041.0,443.0,6,59.84,4385,78,25,4463,74.59,178.52,0.42,56.22,"ACK, SYN",->,0
142.250.68.106,10.20.73.129,443.0,65041.0,6,59.83,25152,74,39,25226,421.62,646.82,0.65,339.89,"ACK, SYN",->,0
10.20.73.129,142.250.141.84,65042.0,443.0,6,58.53,4877,78,23,4955,84.66,215.43,0.39,62.53,"ACK, SYN",->,0
10.20.73.129,142.250.68.35,65043.0,443.0,6,43.2,28819,78,213,28897,668.85,135.67,4.93,369.47,"ACK, SYN",->,0
142.250.141.84,10.20.73.129,443.0,65042.0,6,58.52,13326,74,29,13400,228.97,462.07,0.5,180.08,"ACK, SYN",->,0
142.250.68.35,10.20.73.129,443.0,65043.0,6,43.24,148400,74,274,148474,3433.94,541.88,6.34,2005.41,"ACK, SYN",->,0
10.20.73.129,142.250.189.4,65044.0,443.0,6,59.17,4303,78,25,4381,74.05,175.24,0.42,55.17,"ACK, SYN",->,0
142.250.189.4,10.20.73.129,443.0,65044.0,6,59.16,37250,74,46,37324,630.89,811.39,0.78,503.38,"ACK, SYN",->,0
10.20.73.129,142.251.40.35,65045.0,443.0,6,67.11,9126,78,68,9204,137.16,135.35,1.01,117.0,"ACK, SYN",->,0
142.251.40.35,10.20.73.129,443.0,65045.0,6,67.1,65576,74,99,65650,978.4,663.13,1.48,886.16,"ACK, SYN",->,0
10.20.73.129,44.210.248.109,64446.0,443.0,6,59.99,818,54,9,872,14.53,96.89,0.15,15.15,ACK,->,0
44.210.248.109,10.20.73.129,443.0,64446.0,6,60.0,1489,66,11,1555,25.92,141.36,0.18,22.56,ACK,->,0
10.20.73.129,142.250.72.142,65047.0,443.0,6,59.08,3531,78,17,3609,61.09,212.29,0.29,45.27,"ACK, SYN",->,0
142.250.72.142,10.20.73.129,443.0,65047.0,6,59.07,8629,74,18,8703,147.33,483.5,0.3,116.61,"ACK, SYN",->,0
10.20.73.129,44.209.32.89,61692.0,443.0,6,45.16,237,105,4,342,7.57,85.5,0.09,2.26,ACK,->,0
44.209.32.89,10.20.73.129,443.0,61692.0,6,45.15,276,66,4,342,7.57,85.5,0.09,4.18,ACK,->,0
10.20.73.129,142.250.188.238,65049.0,443.0,6,60.32,8330,78,50,8408,139.38,168.16,0.83,106.79,"ACK, SYN",->,0
142.250.188.238,10.20.73.129,443.0,65049.0,6,60.32,14631,74,68,14705,243.8,216.25,1.13,197.72,"ACK, SYN",->,0
10.20.73.129,142.250.188.238,65051.0,443.0,6,60.21,8816,78,51,8894,147.72,174.39,0.85,113.03,"ACK, SYN",->,0
142.250.188.238,10.20.73.129,443.0,65051.0,6,60.2,17281,74,67,17355,288.3,259.03,1.11,233.53,"ACK, SYN",->,0
10.20.73.129,104.18.34.244,64433.0,443.0,6,0.01,222,105,4,327,40236.38,81.75,492.19,2.11,"FIN, ACK",->,0
104.18.34.244,10.20.73.129,443.0,64433.0,6,0.0,66,66,2,132,32441.59,66.0,491.54,1.0,"FIN, ACK",->,0
10.20.73.129,20.59.87.226,63671.0,443.0,6,45.08,403,81,6,484,10.74,80.67,0.13,4.98,ACK,->,0
20.59.87.226,10.20.73.129,443.0,63671.0,6,45.03,680,66,6,746,16.56,124.33,0.13,10.3,ACK,->,0
10.20.73.129,172.18.3.20,57439.0,53.0,17,0.0,0,85,1,85,89128960.0,85.0,1048576.0,0.0,,->,0
10.20.73.129,172.16.0.100,60692.0,53.0,17,0.0,0,85,1,85,0.0,85.0,0.0,0.0,,->,0
10.20.73.129,172.18.2.20,62081.0,53.0,17,0.0,0,85,1,85,71303168.0,85.0,838860.8,0.0,,->,0
10.20.73.129,172.16.0.101,52665.0,53.0,17,0.0,0,85,1,85,89128960.0,85.0,1048576.0,0.0,,->,0
10.20.73.129,172.18.3.20,50706.0,53.0,17,0.0,0,85,1,85,89128960.0,85.0,1048576.0,0.0,,->,0
10.20.73.129,10.64.76.10,56055.0,53.0,17,0.0,0,85,1,85,0.0,85.0,0.0,0.0,,->,0
10.20.73.129,10.64.76.10,54354.0,53.0,17,0.0,0,85,1,85,89128960.0,85.0,1048576.0,0.0,,->,0
10.20.73.129,172.16.0.100,63805.0,53.0,17,0.0,0,85,1,85,89128960.0,85.0,1048576.0,0.0,,->,0
10.20.73.129,10.64.77.10,65228.0,53.0,17,0.0,0,85,1,85,118838613.33,85.0,1398101.33,0.0,,->,0
10.20.73.129,172.18.2.20,62322.0,53.0,17,0.0,0,85,1,85,0.0,85.0,0.0,0.0,,->,0
10.20.73.129,172.16.0.101,60239.0,53.0,17,0.0,0,85,1,85,118838613.33,85.0,1398101.33,0.0,,->,0
10.20.73.129,10.64.77.10,49201.0,53.0,17,0.0,0,85,1,85,89128960.0,85.0,1048576.0,0.0,,->,0
172.16.0.100,10.20.73.129,53.0,60692.0,17,0.0,0,101,1,101,0.0,101.0,0.0,0.0,,->,0
10.20.73.129,72.247.96.30,65053.0,443.0,6,30.06,1771,78,14,1849,61.51,132.07,0.47,22.71,"RST, ACK, SYN",->,0
172.16.0.101,10.20.73.129,53.0,52665.0,17,0.0,0,225,1,225,0.0,225.0,0.0,0.0,,->,0
172.16.0.101,10.20.73.129,53.0,60239.0,17,0.0,0,101,1,101,105906176.0,101.0,1048576.0,0.0,,->,0
72.247.96.30,10.20.73.129,443.0,65053.0,6,30.06,9314,74,15,9388,312.35,625.87,0.5,125.86,"FIN, ACK, SYN",->,0
172.16.0.100,10.20.73.129,53.0,63805.0,17,0.0,0,225,1,225,235929600.0,225.0,1048576.0,0.0,,->,0
10.20.73.129,172.18.2.20,64404.0,53.0,17,0.0,0,74,1,74,62075699.2,74.0,838860.8,0.0,,->,0
10.20.73.129,10.64.76.10,62583.0,53.0,17,0.0,0,74,1,74,0.0,74.0,0.0,0.0,,->,0
10.20.73.129,10.64.77.10,65048.0,53.0,17,0.0,0,74,1,74,77594624.0,74.0,1048576.0,0.0,,->,0
10.20.73.129,172.16.0.100,52016.0,53.0,17,0.0,0,74,1,74,103459498.67,74.0,1398101.33,0.0,,->,0
10.20.73.129,172.18.3.20,56784.0,53.0,17,0.0,0,74,1,74,77594624.0,74.0,1048576.0,0.0,,->,0
10.20.73.129,172.16.0.101,53427.0,53.0,17,0.0,0,74,1,74,77594624.0,74.0,1048576.0,0.0,,->,0
172.16.0.100,10.20.73.129,53.0,52016.0,17,0.0,0,202,1,202,211812352.0,202.0,1048576.0,0.0,,->,0
10.20.73.129,54.86.152.169,65054.0,443.0,6,0.23,3033,78,13,3111,13280.63,239.31,55.5,38.88,"FIN, ACK, SYN",->,0
54.86.152.169,10.20.73.129,443.0,65054.0,6,0.24,5947,74,16,6021,25522.76,376.31,67.82,80.36,"FIN, ACK, SYN",->,0
172.16.0.101,10.20.73.129,53.0,53427.0,17,0.0,0,202,1,202,0.0,202.0,0.0,0.0,,->,0
10.20.73.129,142.250.68.33,65055.0,443.0,6,38.69,7078,78,38,7156,184.96,188.32,0.98,90.74,"ACK, SYN",->,0
142.250.68.33,10.20.73.129,443.0,65055.0,6,38.74,36762,74,58,36836,950.92,635.1,1.5,496.78,"ACK, SYN",->,0
10.20.73.129,173.194.12.40,65057.0,443.0,6,0.03,6264,78,13,6342,192426.55,487.85,394.44,80.31,"FIN, ACK, SYN",->,0
173.194.12.40,10.20.73.129,443.0,65057.0,6,0.03,5284,74,11,5358,207207.29,487.09,425.4,71.41,"FIN, ACK, SYN",->,0
10.20.73.129,173.194.8.169,65060.0,443.0,6,60.44,15856,78,162,15934,263.65,98.36,2.68,203.28,"ACK, SYN",->,0
173.194.8.169,10.20.73.129,443.0,65060.0,6,60.44,939506,74,669,939580,15544.96,1404.45,11.07,12696.03,"ACK, SYN",->,0
10.20.73.129,173.194.167.233,65062.0,443.0,6,64.85,208349,78,2343,208427,3213.85,88.96,36.13,2671.14,"ACK, SYN",->,0
173.194.167.233,10.20.73.129,443.0,65062.0,6,64.85,15805902,74,11123,15805976,243720.76,1421.02,171.51,213593.27,"ACK, SYN",->,0
10.20.73.129,173.194.167.233,65063.0,443.0,6,60.03,3642,78,19,3720,61.97,195.79,0.32,46.69,"FIN, ACK, SYN",->,0
173.194.167.233,10.20.73.129,443.0,65063.0,6,60.03,5902,74,16,5976,99.55,373.5,0.27,79.76,"FIN, ACK, SYN",->,0
10.20.73.129,18.208.6.180,57345.0,8884.0,6,60.08,229,97,4,326,5.43,81.5,0.07,2.36,ACK,->,0
18.208.6.180,10.20.73.129,8884.0,57345.0,6,59.99,97,97,2,194,3.23,97.0,0.03,1.0,ACK,->,0
10.20.73.129,142.250.189.14,65066.0,443.0,6,58.78,3979,78,22,4057,69.02,184.41,0.37,51.01,"ACK, SYN",->,0
142.250.189.14,10.20.73.129,443.0,65066.0,6,58.77,23234,74,30,23308,396.61,776.93,0.51,313.97,"ACK, SYN",->,0
10.20.73.129,142.250.189.14,64339.0,443.0,17,0.3,5176,1294,5,6470,21581.92,1294.0,16.68,4.0,,->,0
142.250.189.14,10.20.73.129,443.0,64339.0,17,0.0,0,1242,1,1242,0.0,1242.0,0.0,0.0,,->,0
104.18.18.125,10.20.73.129,443.0,64359.0,6,0.01,132,105,3,237,25277.17,79.0,319.96,1.26,"FIN, ACK",->,0
10.20.73.129,104.18.18.125,64359.0,443.0,6,0.0,327,66,5,393,161382.56,78.6,2053.21,4.95,"FIN, ACK",->,0
10.20.73.129,72.247.96.30,65068.0,443.0,6,2.01,1723,78,13,1801,898.22,138.54,6.48,22.09,"FIN, ACK, SYN",->,0
72.247.96.30,10.20.73.129,443.0,65068.0,6,2.0,10054,74,14,10128,5054.77,723.43,6.99,135.86,"FIN, ACK, SYN",->,0
10.20.73.129,142.250.72.131,64381.0,443.0,6,43.94,503,160,6,663,15.09,110.5,0.14,3.14,ACK,->,0
142.250.72.131,10.20.73.129,443.0,64381.0,6,43.94,888,138,9,1026,23.35,114.0,0.2,6.43,ACK,->,0
10.20.73.129,10.20.0.1,62566.0,5351.0,17,0.0,54,44,2,98,139620.17,49.0,2849.39,1.23,,->,0
10.20.73.129,10.20.0.1,53905.0,5351.0,17,0.0,66,44,2,110,113081.73,55.0,2056.03,1.5,,->,0
10.20.73.129,10.20.0.1,53905.0,1900.0,17,0.0,0,136,1,136,0.0,136.0,0.0,0.0,,->,0
10.20.73.129,239.255.255.250,53905.0,1900.0,17,0.0,179,136,2,315,264082.7,157.5,1676.72,1.32,,->,0
10.20.73.129,192.73.242.204,41641.0,3478.0,17,43.66,164,82,3,246,5.63,82.0,0.07,2.0,,->,0
10.20.73.129,208.111.34.178,41641.0,3478.0,17,43.66,164,82,3,246,5.63,82.0,0.07,2.0,,->,0
10.20.73.129,208.111.40.216,41641.0,3478.0,17,43.66,164,82,3,246,5.63,82.0,0.07,2.0,,->,0
10.20.73.129,192.73.244.245,41641.0,3478.0,17,43.66,82,82,2,164,3.76,82.0,0.05,1.0,,->,0
208.111.40.216,10.20.73.129,3478.0,41641.0,17,43.67,148,74,3,222,5.08,74.0,0.07,2.0,,->,0
192.73.244.245,10.20.73.129,3478.0,41641.0,17,43.66,74,74,2,148,3.39,74.0,0.05,1.0,,->,0
208.111.34.178,10.20.73.129,3478.0,41641.0,17,43.67,148,74,3,222,5.08,74.0,0.07,2.0,,->,0
192.73.242.204,10.20.73.129,3478.0,41641.0,17,43.67,148,74,3,222,5.08,74.0,0.07,2.0,,->,0
10.20.73.129,54.86.152.169,65070.0,443.0,6,0.23,2862,78,12,2940,12731.9,245.0,51.97,36.69,"FIN, ACK, SYN",->,0
54.86.152.169,10.20.73.129,443.0,65070.0,6,0.23,1459,74,11,1533,6639.96,139.36,47.64,19.72,"FIN, ACK, SYN",->,0
10.20.73.129,54.86.152.169,65071.0,443.0,6,0.24,2862,78,12,2940,12005.24,245.0,49.0,36.69,"FIN, ACK, SYN",->,0
54.86.152.169,10.20.73.129,443.0,65071.0,6,0.24,1459,74,11,1533,6372.5,139.36,45.73,19.72,"FIN, ACK, SYN",->,0
10.20.73.129,54.161.152.147,63547.0,443.0,6,43.75,1441,621,6,2062,47.13,343.67,0.14,2.32,ACK,->,0
54.161.152.147,10.20.73.129,443.0,63547.0,6,43.75,621,66,6,687,15.7,114.5,0.14,9.41,ACK,->,0
10.20.73.129,172.18.3.20,63300.0,53.0,17,0.0,0,95,1,95,0.0,95.0,0.0,0.0,,->,0
10.20.73.129,172.18.3.20,61565.0,53.0,17,0.0,0,95,1,95,0.0,95.0,0.0,0.0,,->,0
10.20.73.129,172.16.0.100,59263.0,53.0,17,0.0,0,95,1,95,0.0,95.0,0.0,0.0,,->,0
10.20.73.129,172.16.0.101,51855.0,53.0,17,0.0,0,95,1,95,0.0,95.0,0.0,0.0,,->,0
10.20.73.129,10.64.76.10,52488.0,53.0,17,0.0,0,95,1,95,0.0,95.0,0.0,0.0,,->,0
10.20.73.129,10.64.77.10,56225.0,53.0,17,0.0,0,95,1,95,0.0,95.0,0.0,0.0,,->,0
10.20.73.129,172.18.2.20,54838.0,53.0,17,0.0,0,95,1,95,49807360.0,95.0,524288.0,0.0,,->,0
10.20.73.129,172.16.0.101,54030.0,53.0,17,0.0,0,95,1,95,0.0,95.0,0.0,0.0,,->,0
10.20.73.129,172.18.2.20,54602.0,53.0,17,0.0,0,95,1,95,0.0,95.0,0.0,0.0,,->,0
10.20.73.129,172.16.0.100,61227.0,53.0,17,0.0,0,95,1,95,79691776.0,95.0,838860.8,0.0,,->,0
10.20.73.129,10.64.76.10,61512.0,53.0,17,0.0,0,95,1,95,79691776.0,95.0,838860.8,0.0,,->,0
10.20.73.129,172.18.3.20,58605.0,53.0,17,0.0,0,95,1,95,0.0,95.0,0.0,0.0,,->,0
10.20.73.129,10.64.76.10,60804.0,53.0,17,0.0,0,95,1,95,79691776.0,95.0,838860.8,0.0,,->,0
10.20.73.129,10.64.77.10,59454.0,53.0,17,0.0,0,95,1,95,99614720.0,95.0,1048576.0,0.0,,->,0
10.20.73.129,10.64.77.10,65503.0,53.0,17,0.0,0,95,1,95,132819626.67,95.0,1398101.33,0.0,,->,0
10.20.73.129,172.16.0.100,52305.0,53.0,17,0.0,0,95,1,95,0.0,95.0,0.0,0.0,,->,0
10.20.73.129,172.18.2.20,54965.0,53.0,17,0.0,0,95,1,95,79691776.0,95.0,838860.8,0.0,,->,0
10.20.73.129,172.16.0.101,62368.0,53.0,17,0.0,0,95,1,95,0.0,95.0,0.0,0.0,,->,0
10.20.73.129,151.101.3.6,65073.0,443.0,6,0.08,2082,78,15,2160,26849.35,144.0,186.45,26.69,"FIN, ACK, SYN",->,0
172.16.0.100,10.20.73.129,53.0,59263.0,17,0.0,0,272,1,272,285212672.0,272.0,1048576.0,0.0,,->,0
151.101.3.6,10.20.73.129,443.0,65073.0,6,0.08,16147,74,18,16221,215891.42,901.17,239.57,218.2,"FIN, ACK, SYN",->,0
172.16.0.100,10.20.73.129,53.0,52305.0,17,0.0,0,223,1,223,187065958.4,223.0,838860.8,0.0,,->,0
172.16.0.101,10.20.73.129,53.0,51855.0,17,0.0,0,272,1,272,285212672.0,272.0,1048576.0,0.0,,->,0
172.16.0.101,10.20.73.129,53.0,54030.0,17,0.0,0,271,1,271,0.0,271.0,0.0,0.0,,->,0
172.16.0.101,10.20.73.129,53.0,62368.0,17,0.0,0,223,1,223,233832448.0,223.0,1048576.0,0.0,,->,0
172.16.0.100,10.20.73.129,53.0,61227.0,17,0.0,0,271,1,271,0.0,271.0,0.0,0.0,,->,0
10.20.73.129,151.101.3.6,63644.0,443.0,17,0.06,3789,1242,12,5031,85268.41,419.25,203.38,3.05,,->,0
151.101.3.6,10.20.73.129,443.0,63644.0,17,1.28,10977,783,16,11760,9216.44,735.0,12.54,14.02,,->,0
10.20.73.129,151.101.3.6,,,1,25.63,560,70,9,630,24.58,70.0,0.35,8.0,,->,0
10.20.73.129,172.18.3.20,49455.0,53.0,17,0.0,0,131,1,131,109890764.8,131.0,838860.8,0.0,,->,0
10.20.73.129,10.64.76.10,59346.0,53.0,17,0.0,0,131,1,131,0.0,131.0,0.0,0.0,,->,0
10.20.73.129,10.64.77.10,59830.0,53.0,17,0.0,0,131,1,131,0.0,131.0,0.0,0.0,,->,0
10.20.73.129,172.16.0.100,49458.0,53.0,17,0.0,0,131,1,131,137363456.0,131.0,1048576.0,0.0,,->,0
10.20.73.129,172.18.3.20,49771.0,53.0,17,0.0,0,131,1,131,109890764.8,131.0,838860.8,0.0,,->,0
10.20.73.129,172.18.2.20,57110.0,53.0,17,0.0,0,131,1,131,0.0,131.0,0.0,0.0,,->,0
10.20.73.129,172.16.0.101,58592.0,53.0,17,0.0,0,131,1,131,0.0,131.0,0.0,0.0,,->,0
10.20.73.129,10.64.76.10,56589.0,53.0,17,0.0,0,131,1,131,109890764.8,131.0,838860.8,0.0,,->,0
10.20.73.129,10.64.77.10,62961.0,53.0,17,0.0,0,131,1,131,183151274.67,131.0,1398101.33,0.0,,->,0
10.20.73.129,172.16.0.100,57537.0,53.0,17,0.0,0,131,1,131,0.0,131.0,0.0,0.0,,->,0
10.20.73.129,172.16.0.101,62923.0,53.0,17,0.0,0,131,1,131,137363456.0,131.0,1048576.0,0.0,,->,0
10.20.73.129,172.18.2.20,58070.0,53.0,17,0.0,0,131,1,131,0.0,131.0,0.0,0.0,,->,0
172.16.0.100,10.20.73.129,53.0,49458.0,17,0.0,0,213,1,213,223346688.0,213.0,1048576.0,0.0,,->,0
172.16.0.101,10.20.73.129,53.0,58592.0,17,0.0,0,213,1,213,223346688.0,213.0,1048576.0,0.0,,->,0
172.16.0.100,10.20.73.129,53.0,57537.0,17,0.0,0,179,1,179,150156083.2,179.0,838860.8,0.0,,->,0
172.16.0.101,10.20.73.129,53.0,62923.0,17,0.0,0,179,1,179,187695104.0,179.0,1048576.0,0.0,,->,0
10.20.73.129,18.197.242.41,63917.0,443.0,6,22.32,66,54,2,120,5.38,60.0,0.09,1.22,ACK,->,0
18.197.242.41,10.20.73.129,443.0,63917.0,6,22.3,151,66,2,217,9.73,108.5,0.09,2.29,ACK,->,0
10.20.73.129,208.111.40.216,57366.0,443.0,6,33.83,120,54,3,174,5.14,58.0,0.09,2.22,ACK,->,0
208.111.40.216,10.20.73.129,443.0,57366.0,6,33.82,159,66,3,225,6.65,75.0,0.09,2.41,ACK,->,0
10.20.73.129,172.18.3.20,52517.0,53.0,17,0.0,0,81,1,81,67947724.8,81.0,838860.8,0.0,,->,0
10.20.73.129,172.18.3.20,61525.0,53.0,17,0.0,0,81,1,81,0.0,81.0,0.0,0.0,,->,0
10.20.73.129,172.16.0.100,60334.0,53.0,17,0.0,0,81,1,81,0.0,81.0,0.0,0.0,,->,0
10.20.73.129,172.16.0.101,62467.0,53.0,17,0.0,0,81,1,81,0.0,81.0,0.0,0.0,,->,0
10.20.73.129,10.64.76.10,60164.0,53.0,17,0.0,0,81,1,81,84934656.0,81.0,1048576.0,0.0,,->,0
10.20.73.129,10.64.77.10,59492.0,53.0,17,0.0,0,81,1,81,0.0,81.0,0.0,0.0,,->,0
10.20.73.129,172.18.2.20,62087.0,53.0,17,0.0,0,81,1,81,84934656.0,81.0,1048576.0,0.0,,->,0
10.20.73.129,172.16.0.100,49920.0,53.0,17,0.0,0,81,1,81,0.0,81.0,0.0,0.0,,->,0
10.20.73.129,172.16.0.101,59039.0,53.0,17,0.0,0,81,1,81,0.0,81.0,0.0,0.0,,->,0
10.20.73.129,10.64.76.10,55896.0,53.0,17,0.0,0,81,1,81,0.0,81.0,0.0,0.0,,->,0
10.20.73.129,10.64.77.10,63850.0,53.0,17,0.0,0,81,1,81,84934656.0,81.0,1048576.0,0.0,,->,0
10.20.73.129,172.18.2.20,54180.0,53.0,17,0.0,0,81,1,81,84934656.0,81.0,1048576.0,0.0,,->,0
10.20.73.129,172.18.3.20,65360.0,53.0,17,0.0,0,114,1,114,119537664.0,114.0,1048576.0,0.0,,->,0
10.20.73.129,10.64.77.10,58173.0,53.0,17,0.0,0,79,1,79,0.0,79.0,0.0,0.0,,->,0
10.20.73.129,172.16.0.100,50159.0,53.0,17,0.0,0,114,1,114,0.0,114.0,0.0,0.0,,->,0
10.20.73.129,172.16.0.101,58171.0,53.0,17,0.0,0,114,1,114,95630131.2,114.0,838860.8,0.0,,->,0
10.20.73.129,10.64.76.10,64166.0,53.0,17,0.0,0,114,1,114,119537664.0,114.0,1048576.0,0.0,,->,0
10.20.73.129,10.64.77.10,59212.0,53.0,17,0.0,0,114,1,114,159383552.0,114.0,1398101.33,0.0,,->,0
10.20.73.129,172.18.2.20,56553.0,53.0,17,0.0,0,114,1,114,119537664.0,114.0,1048576.0,0.0,,->,0
10.20.73.129,172.16.0.100,58818.0,53.0,17,0.0,0,79,1,79,66270003.2,79.0,838860.8,0.0,,->,0
10.20.73.129,172.16.0.101,54181.0,53.0,17,0.0,0,79,1,79,82837504.0,79.0,1048576.0,0.0,,->,0
10.20.73.129,10.64.76.10,56873.0,53.0,17,0.0,0,79,1,79,110450005.33,79.0,1398101.33,0.0,,->,0
10.20.73.129,172.18.3.20,63910.0,53.0,17,0.0,0,73,1,73,61236838.4,73.0,838860.8,0.0,,->,0
10.20.73.129,10.64.77.10,57701.0,53.0,17,0.0,0,73,1,73,61236838.4,73.0,838860.8,0.0,,->,0
10.20.73.129,10.64.76.10,51264.0,53.0,17,0.0,0,73,1,73,76546048.0,73.0,1048576.0,0.0,,->,0
10.20.73.129,10.64.77.10,62587.0,53.0,17,0.0,0,73,1,73,76546048.0,73.0,1048576.0,0.0,,->,0
10.20.73.129,172.18.2.20,63275.0,53.0,17,0.0,0,73,1,73,0.0,73.0,0.0,0.0,,->,0
10.20.73.129,172.16.0.100,65504.0,53.0,17,0.0,0,73,1,73,25515349.33,73.0,349525.33,0.0,,->,0
10.20.73.129,172.16.0.101,55539.0,53.0,17,0.0,0,73,1,73,0.0,73.0,0.0,0.0,,->,0
10.20.73.129,10.64.76.10,58055.0,53.0,17,0.0,0,73,1,73,76546048.0,73.0,1048576.0,0.0,,->,0
10.20.73.129,172.18.3.20,59648.0,53.0,17,0.0,0,79,1,79,0.0,79.0,0.0,0.0,,->,0
10.20.73.129,172.16.0.101,52064.0,53.0,17,0.0,0,73,1,73,0.0,73.0,0.0,0.0,,->,0
10.20.73.129,172.16.0.100,56451.0,53.0,17,0.0,0,95,1,95,0.0,95.0,0.0,0.0,,->,0
10.20.73.129,172.18.2.20,53234.0,53.0,17,0.0,0,79,1,79,0.0,79.0,0.0,0.0,,->,0
10.20.73.129,172.16.0.100,54982.0,53.0,17,0.0,0,73,1,73,0.0,73.0,0.0,0.0,,->,0
10.20.73.129,172.18.3.20,63265.0,53.0,17,0.0,0,73,1,73,0.0,73.0,0.0,0.0,,->,0
10.20.73.129,172.16.0.101,56365.0,53.0,17,0.0,0,106,1,106,49399580.44,106.0,466033.78,0.0,,->,0
10.20.73.129,172.18.2.20,61020.0,53.0,17,0.0,0,73,1,73,0.0,73.0,0.0,0.0,,->,0
10.20.73.129,172.16.0.100,59170.0,53.0,17,0.0,0,106,1,106,0.0,106.0,0.0,0.0,,->,0
10.20.73.129,10.64.77.10,65096.0,53.0,17,0.0,0,106,1,106,0.0,106.0,0.0,0.0,,->,0
10.20.73.129,10.64.76.10,53688.0,53.0,17,0.0,0,106,1,106,88919244.8,106.0,838860.8,0.0,,->,0
10.20.73.129,172.18.2.20,59201.0,53.0,17,0.0,0,106,1,106,0.0,106.0,0.0,0.0,,->,0
10.20.73.129,10.64.77.10,58145.0,53.0,17,0.0,0,95,1,95,0.0,95.0,0.0,0.0,,->,0
10.20.73.129,172.16.0.101,52467.0,53.0,17,0.0,0,95,1,95,0.0,95.0,0.0,0.0,,->,0
10.20.73.129,10.64.76.10,58147.0,53.0,17,0.0,0,95,1,95,99614720.0,95.0,1048576.0,0.0,,->,0
10.20.73.129,172.18.3.20,62504.0,53.0,17,0.0,0,106,1,106,0.0,106.0,0.0,0.0,,->,0
10.20.73.129,172.18.2.20,59240.0,53.0,17,0.0,0,95,1,95,0.0,95.0,0.0,0.0,,->,0
10.20.73.129,172.18.3.20,50963.0,53.0,17,0.0,0,95,1,95,99614720.0,95.0,1048576.0,0.0,,->,0
10.20.73.129,172.18.3.20,64304.0,53.0,17,0.0,0,95,1,95,0.0,95.0,0.0,0.0,,->,0
10.20.73.129,10.64.77.10,56078.0,53.0,17,0.0,0,95,1,95,0.0,95.0,0.0,0.0,,->,0
10.20.73.129,172.18.2.20,63541.0,53.0,17,0.0,0,95,1,95,79691776.0,95.0,838860.8,0.0,,->,0
10.20.73.129,172.16.0.100,59894.0,53.0,17,0.0,0,95,1,95,0.0,95.0,0.0,0.0,,->,0
10.20.73.129,172.16.0.101,50284.0,53.0,17,0.0,0,95,1,95,0.0,95.0,0.0,0.0,,->,0
10.20.73.129,172.18.3.20,51719.0,53.0,17,0.0,0,106,1,106,0.0,106.0,0.0,0.0,,->,0
10.20.73.129,172.18.2.20,56015.0,53.0,17,0.0,0,106,1,106,0.0,106.0,0.0,0.0,,->,0
10.20.73.129,172.16.0.100,50986.0,53.0,17,0.0,0,106,1,106,0.0,106.0,0.0,0.0,,->,0
10.20.73.129,10.64.76.10,64379.0,53.0,17,0.0,0,106,1,106,0.0,106.0,0.0,0.0,,->,0
10.20.73.129,172.16.0.101,61353.0,53.0,17,0.0,0,106,1,106,0.0,106.0,0.0,0.0,,->,0
10.20.73.129,10.64.77.10,58077.0,53.0,17,0.0,0,106,1,106,0.0,106.0,0.0,0.0,,->,0
10.20.73.129,10.64.76.10,55491.0,53.0,17,0.0,0,95,1,95,79691776.0,95.0,838860.8,0.0,,->,0
10.20.73.129,172.18.3.20,50779.0,53.0,17,0.0,0,85,1,85,0.0,85.0,0.0,0.0,,->,0
10.20.73.129,10.64.76.10,52022.0,53.0,17,0.0,0,85,1,85,0.0,85.0,0.0,0.0,,->,0
10.20.73.129,172.16.0.100,50449.0,53.0,17,0.0,0,85,1,85,89128960.0,85.0,1048576.0,0.0,,->,0
10.20.73.129,172.16.0.101,61951.0,53.0,17,0.0,0,85,1,85,0.0,85.0,0.0,0.0,,->,0
10.20.73.129,172.18.3.20,54811.0,53.0,17,0.0,0,85,1,85,71303168.0,85.0,838860.8,0.0,,->,0
10.20.73.129,172.18.2.20,57012.0,53.0,17,0.0,0,85,1,85,0.0,85.0,0.0,0.0,,->,0
10.20.73.129,172.16.0.100,57102.0,53.0,17,0.0,0,85,1,85,89128960.0,85.0,1048576.0,0.0,,->,0
10.20.73.129,10.64.76.10,55564.0,53.0,17,0.0,0,85,1,85,0.0,85.0,0.0,0.0,,->,0
10.20.73.129,172.16.0.101,51369.0,53.0,17,0.0,0,85,1,85,0.0,85.0,0.0,0.0,,->,0
10.20.73.129,10.64.77.10,53540.0,53.0,17,0.0,0,85,1,85,89128960.0,85.0,1048576.0,0.0,,->,0
10.20.73.129,10.64.77.10,51907.0,53.0,17,0.0,0,85,1,85,71303168.0,85.0,838860.8,0.0,,->,0
10.20.73.129,172.18.2.20,59864.0,53.0,17,0.0,0,85,1,85,0.0,85.0,0.0,0.0,,->,0
172.16.0.100,10.20.73.129,53.0,58818.0,17,0.0,0,111,1,111,93113548.8,111.0,838860.8,0.0,,->,0
172.16.0.101,10.20.73.129,53.0,55539.0,17,0.0,0,203,1,203,0.0,203.0,0.0,0.0,,->,0
172.16.0.100,10.20.73.129,53.0,65504.0,17,0.0,0,203,1,203,0.0,203.0,0.0,0.0,,->,0
172.16.0.100,10.20.73.129,53.0,56451.0,17,0.0,0,202,1,202,0.0,202.0,0.0,0.0,,->,0
172.16.0.100,10.20.73.129,53.0,59894.0,17,0.0,0,152,1,152,0.0,152.0,0.0,0.0,,->,0
172.16.0.100,10.20.73.129,53.0,50449.0,17,0.0,0,101,1,101,0.0,101.0,0.0,0.0,,->,0
172.16.0.100,10.20.73.129,53.0,57102.0,17,0.0,0,225,1,225,0.0,225.0,0.0,0.0,,->,0
172.16.0.101,10.20.73.129,53.0,54181.0,17,0.0,0,111,1,111,116391936.0,111.0,1048576.0,0.0,,->,0
172.16.0.101,10.20.73.129,53.0,62467.0,17,0.0,0,113,1,113,118489088.0,113.0,1048576.0,0.0,,->,0
172.16.0.100,10.20.73.129,53.0,60334.0,17,0.0,0,113,1,113,0.0,113.0,0.0,0.0,,->,0
172.16.0.100,10.20.73.129,53.0,54982.0,17,0.0,0,271,1,271,0.0,271.0,0.0,0.0,,->,0
172.16.0.100,10.20.73.129,53.0,49920.0,17,0.0,0,137,1,137,0.0,137.0,0.0,0.0,,->,0
172.16.0.101,10.20.73.129,53.0,52467.0,17,0.0,0,202,1,202,0.0,202.0,0.0,0.0,,->,0
172.16.0.100,10.20.73.129,53.0,59170.0,17,0.0,0,172,1,172,0.0,172.0,0.0,0.0,,->,0
172.16.0.101,10.20.73.129,53.0,61353.0,17,0.0,0,234,1,234,196293427.2,234.0,838860.8,0.0,,->,0
172.16.0.101,10.20.73.129,53.0,56365.0,17,0.0,0,172,1,172,240473429.33,172.0,1398101.33,0.0,,->,0
172.16.0.101,10.20.73.129,53.0,52064.0,17,0.0,0,271,1,271,0.0,271.0,0.0,0.0,,->,0
172.16.0.101,10.20.73.129,53.0,59039.0,17,0.0,0,137,1,137,0.0,137.0,0.0,0.0,,->,0
172.16.0.101,10.20.73.129,53.0,51369.0,17,0.0,0,225,1,225,0.0,225.0,0.0,0.0,,->,0
172.16.0.101,10.20.73.129,53.0,61951.0,17,0.0,0,101,1,101,105906176.0,101.0,1048576.0,0.0,,->,0
172.16.0.101,10.20.73.129,53.0,50284.0,17,0.0,0,152,1,152,0.0,152.0,0.0,0.0,,->,0
172.16.0.100,10.20.73.129,53.0,50159.0,17,0.0,0,130,1,130,109051904.0,130.0,838860.8,0.0,,->,0
172.16.0.101,10.20.73.129,53.0,58171.0,17,0.0,0,130,1,130,0.0,130.0,0.0,0.0,,->,0
172.16.0.100,10.20.73.129,53.0,50986.0,17,0.0,0,234,1,234,0.0,234.0,0.0,0.0,,->,0
10.20.73.129,172.18.3.20,58707.0,53.0,17,0.0,0,74,1,74,0.0,74.0,0.0,0.0,,->,0
10.20.73.129,172.16.0.101,52918.0,53.0,17,0.0,0,74,1,74,62075699.2,74.0,838860.8,0.0,,->,0
10.20.73.129,172.18.2.20,51718.0,53.0,17,0.0,0,74,1,74,62075699.2,74.0,838860.8,0.0,,->,0
10.20.73.129,10.64.77.10,63292.0,53.0,17,0.0,0,74,1,74,77594624.0,74.0,1048576.0,0.0,,->,0
10.20.73.129,172.16.0.100,53066.0,53.0,17,0.0,0,74,1,74,0.0,74.0,0.0,0.0,,->,0
10.20.73.129,10.64.76.10,64033.0,53.0,17,0.0,0,74,1,74,77594624.0,74.0,1048576.0,0.0,,->,0
172.16.0.100,10.20.73.129,53.0,53066.0,17,0.0,0,159,1,159,133378867.2,159.0,838860.8,0.0,,->,0
10.20.73.129,34.204.130.59,65078.0,443.0,6,0.24,1693,78,12,1771,7384.61,147.58,50.04,21.71,"ACK, SYN",->,0
172.16.0.101,10.20.73.129,53.0,52918.0,17,0.0,0,159,1,159,166723584.0,159.0,1048576.0,0.0,,->,0
34.204.130.59,10.20.73.129,443.0,65078.0,6,0.23,7095,74,13,7169,30598.07,551.46,55.49,95.88,"ACK, SYN",->,0
10.20.73.129,172.16.0.100,57548.0,53.0,17,0.0,0,108,1,108,0.0,108.0,0.0,0.0,,->,0
10.20.73.129,10.64.76.10,60358.0,53.0,17,0.0,0,108,1,108,113246208.0,108.0,1048576.0,0.0,,->,0
10.20.73.129,172.18.3.20,49501.0,53.0,17,0.0,0,108,1,108,113246208.0,108.0,1048576.0,0.0,,->,0
10.20.73.129,172.18.2.20,58002.0,53.0,17,0.0,0,108,1,108,113246208.0,108.0,1048576.0,0.0,,->,0
10.20.73.129,10.64.77.10,60919.0,53.0,17,30.57,106,108,2,214,7.0,107.0,0.07,0.98,,->,0
10.20.73.129,172.16.0.101,51934.0,53.0,17,0.0,0,108,1,108,113246208.0,108.0,1048576.0,0.0,,->,0
172.16.0.100,10.20.73.129,53.0,57548.0,17,0.0,0,124,1,124,130023424.0,124.0,1048576.0,0.0,,->,0
172.16.0.101,10.20.73.129,53.0,51934.0,17,0.0,0,124,1,124,0.0,124.0,0.0,0.0,,->,0
10.20.73.129,20.103.246.163,65081.0,443.0,6,0.48,5092,78,15,5170,10882.66,344.67,31.57,65.28,"FIN, ACK, SYN",->,0
20.103.246.163,10.20.73.129,443.0,65081.0,6,0.47,7629,74,16,7703,16480.14,481.44,34.23,103.09,"FIN, ACK, SYN",->,0
10.20.73.129,142.250.188.234,65082.0,443.0,6,13.23,13926,78,24,14004,1058.26,583.5,1.81,178.54,"ACK, SYN",->,0
142.250.188.234,10.20.73.129,443.0,65082.0,6,13.27,6448,74,27,6522,491.3,241.56,2.03,87.14,"ACK, SYN",->,0
10.20.73.129,10.20.0.1,49232.0,5351.0,17,0.0,54,44,2,98,106542.71,49.0,2174.34,1.23,,->,0
10.20.73.129,10.20.0.1,55632.0,5351.0,17,0.0,66,44,2,110,147686.76,55.0,2685.21,1.5,,->,0
10.20.73.129,10.20.0.1,55632.0,1900.0,17,0.0,0,136,1,136,0.0,136.0,0.0,0.0,,->,0
10.20.73.129,239.255.255.250,55632.0,1900.0,17,0.0,179,136,2,315,146102.59,157.5,927.64,1.32,,->,0
10.20.73.129,10.64.76.10,58626.0,53.0,17,0.0,0,96,1,96,100663296.0,96.0,1048576.0,0.0,,->,0
10.20.73.129,172.18.3.20,59063.0,53.0,17,0.0,0,87,1,87,91226112.0,87.0,1048576.0,0.0,,->,0
10.20.73.129,172.18.3.20,60187.0,53.0,17,0.0,0,96,1,96,100663296.0,96.0,1048576.0,0.0,,->,0
10.20.73.129,10.64.77.10,58055.0,53.0,17,0.0,0,96,1,96,80530636.8,96.0,838860.8,0.0,,->,0
10.20.73.129,172.18.3.20,64999.0,53.0,17,0.0,0,96,1,96,0.0,96.0,0.0,0.0,,->,0
10.20.73.129,172.18.2.20,63701.0,53.0,17,0.0,0,96,1,96,100663296.0,96.0,1048576.0,0.0,,->,0
10.20.73.129,172.18.3.20,63487.0,53.0,17,0.0,0,87,1,87,72980889.6,87.0,838860.8,0.0,,->,0
10.20.73.129,172.16.0.100,64272.0,53.0,17,0.0,0,96,1,96,80530636.8,96.0,838860.8,0.0,,->,0
10.20.73.129,172.16.0.101,51653.0,53.0,17,0.0,0,96,1,96,100663296.0,96.0,1048576.0,0.0,,->,0
10.20.73.129,10.64.76.10,51647.0,53.0,17,0.0,0,96,1,96,100663296.0,96.0,1048576.0,0.0,,->,0
10.20.73.129,10.64.77.10,50381.0,53.0,17,0.0,0,96,1,96,100663296.0,96.0,1048576.0,0.0,,->,0
10.20.73.129,172.16.0.101,56230.0,53.0,17,0.0,0,87,1,87,121634816.0,87.0,1398101.33,0.0,,->,0
10.20.73.129,10.64.76.10,54761.0,53.0,17,0.0,0,87,1,87,91226112.0,87.0,1048576.0,0.0,,->,0
10.20.73.129,172.18.2.20,57484.0,53.0,17,0.0,0,96,1,96,0.0,96.0,0.0,0.0,,->,0
10.20.73.129,10.64.77.10,63464.0,53.0,17,0.0,0,87,1,87,91226112.0,87.0,1048576.0,0.0,,->,0
10.20.73.129,172.16.0.100,60438.0,53.0,17,0.0,0,96,1,96,23685481.41,96.0,246723.76,0.0,,->,0
10.20.73.129,172.18.2.20,57775.0,53.0,17,0.0,0,87,1,87,0.0,87.0,0.0,0.0,,->,0
10.20.73.129,172.16.0.101,57603.0,53.0,17,0.0,0,96,1,96,80530636.8,96.0,838860.8,0.0,,->,0
10.20.73.129,172.16.0.100,57130.0,53.0,17,0.0,0,87,1,87,0.0,87.0,0.0,0.0,,->,0
10.20.73.129,172.16.0.100,63333.0,53.0,17,0.0,0,87,1,87,91226112.0,87.0,1048576.0,0.0,,->,0
10.20.73.129,172.18.3.20,51186.0,53.0,17,0.0,0,96,1,96,134217728.0,96.0,1398101.33,0.0,,->,0
10.20.73.129,172.18.3.20,49922.0,53.0,17,0.0,0,87,1,87,72980889.6,87.0,838860.8,0.0,,->,0
10.20.73.129,172.16.0.100,54256.0,53.0,17,0.0,0,96,1,96,0.0,96.0,0.0,0.0,,->,0
10.20.73.129,10.64.76.10,54030.0,53.0,17,0.0,0,87,1,87,0.0,87.0,0.0,0.0,,->,0
10.20.73.129,172.16.0.101,55803.0,53.0,17,0.0,0,96,1,96,0.0,96.0,0.0,0.0,,->,0
10.20.73.129,172.18.2.20,63559.0,53.0,17,0.0,0,96,1,96,0.0,96.0,0.0,0.0,,->,0
10.20.73.129,10.64.77.10,56949.0,53.0,17,0.0,0,87,1,87,0.0,87.0,0.0,0.0,,->,0
10.20.73.129,172.18.2.20,57913.0,53.0,17,0.0,0,87,1,87,0.0,87.0,0.0,0.0,,->,0
10.20.73.129,10.64.77.10,52257.0,53.0,17,0.0,0,87,1,87,0.0,87.0,0.0,0.0,,->,0
10.20.73.129,172.16.0.101,62887.0,53.0,17,0.0,0,87,1,87,0.0,87.0,0.0,0.0,,->,0
10.20.73.129,10.64.76.10,59800.0,53.0,17,0.0,0,87,1,87,0.0,87.0,0.0,0.0,,->,0
10.20.73.129,172.18.2.20,49926.0,53.0,17,0.0,0,87,1,87,0.0,87.0,0.0,0.0,,->,0
10.20.73.129,172.16.0.101,63633.0,53.0,17,0.0,0,87,1,87,0.0,87.0,0.0,0.0,,->,0
10.20.73.129,10.64.77.10,63631.0,53.0,17,0.0,0,96,1,96,0.0,96.0,0.0,0.0,,->,0
10.20.73.129,172.16.0.100,51170.0,53.0,17,0.0,0,87,1,87,0.0,87.0,0.0,0.0,,->,0
10.20.73.129,10.64.76.10,65267.0,53.0,17,0.0,0,96,1,96,0.0,96.0,0.0,0.0,,->,0
172.16.0.100,10.20.73.129,53.0,64272.0,17,0.0,0,163,1,163,0.0,163.0,0.0,0.0,,->,0
172.16.0.100,10.20.73.129,53.0,60438.0,17,0.0,0,198,1,198,0.0,198.0,0.0,0.0,,->,0
172.16.0.100,10.20.73.129,53.0,57130.0,17,0.0,0,103,1,103,108003328.0,103.0,1048576.0,0.0,,->,0
172.16.0.100,10.20.73.129,53.0,63333.0,17,0.0,0,227,1,227,238026752.0,227.0,1048576.0,0.0,,->,0
172.16.0.101,10.20.73.129,53.0,56230.0,17,0.0,0,103,1,103,108003328.0,103.0,1048576.0,0.0,,->,0
172.16.0.101,10.20.73.129,53.0,63633.0,17,0.0,0,152,1,152,127506841.6,152.0,838860.8,0.0,,->,0
172.16.0.100,10.20.73.129,53.0,51170.0,17,0.0,0,152,1,152,0.0,152.0,0.0,0.0,,->,0
172.16.0.100,10.20.73.129,53.0,54256.0,17,0.0,0,187,1,187,0.0,187.0,0.0,0.0,,->,0
172.16.0.101,10.20.73.129,53.0,62887.0,17,0.0,0,227,1,227,0.0,227.0,0.0,0.0,,->,0
172.16.0.101,10.20.73.129,53.0,51653.0,17,0.0,0,163,1,163,0.0,163.0,0.0,0.0,,->,0
172.16.0.101,10.20.73.129,53.0,57603.0,17,0.0,0,198,1,198,0.0,198.0,0.0,0.0,,->,0
172.16.0.101,10.20.73.129,53.0,55803.0,17,0.0,0,187,1,187,0.0,187.0,0.0,0.0,,->,0
10.20.73.129,151.101.3.6,57347.0,443.0,17,0.07,3789,1242,12,5031,69799.16,419.25,166.49,3.05,,->,0
151.101.3.6,10.20.73.129,443.0,57347.0,17,1.27,10236,783,15,11019,8663.11,734.6,11.79,13.07,,->,0
10.20.73.129,23.192.228.76,65089.0,443.0,6,0.33,913,78,7,991,3039.2,141.57,21.47,11.71,"FIN, ACK, SYN",->,0
10.20.73.129,23.32.229.200,65090.0,443.0,6,0.36,1896,78,15,1974,5426.73,131.6,41.24,24.31,"FIN, ACK, SYN",->,0
10.20.73.129,23.192.228.77,65091.0,443.0,6,0.32,1149,78,9,1227,3776.7,136.33,27.7,14.73,"FIN, ACK, SYN",->,0
23.192.228.76,10.20.73.129,443.0,65089.0,6,0.32,3869,74,6,3943,12324.87,657.17,18.75,52.28,"FIN, ACK, SYN",->,0
23.32.229.200,10.20.73.129,443.0,65090.0,6,0.36,7263,74,15,7337,20542.5,489.13,42.0,98.15,"FIN, ACK, SYN",->,0
23.192.228.77,10.20.73.129,443.0,65091.0,6,0.31,3999,74,8,4073,12959.91,509.12,25.46,54.04,"FIN, ACK, SYN",->,0
10.20.73.129,23.32.229.200,65092.0,443.0,6,0.65,2028,78,17,2106,3238.01,123.88,26.14,26.0,"FIN, ACK, SYN",->,0
10.20.73.129,23.192.228.76,65093.0,443.0,6,30.7,1672,78,13,1750,57.0,134.62,0.42,21.44,"FIN, ACK, SYN",->,0
23.192.228.76,10.20.73.129,443.0,65093.0,6,30.7,4884,74,10,4958,161.52,495.8,0.33,66.0,"FIN, ACK, SYN",->,0
23.32.229.200,10.20.73.129,443.0,65092.0,6,0.64,7329,74,16,7403,11489.68,462.69,24.83,99.04,"FIN, ACK, SYN",->,0
10.20.73.129,23.192.228.76,65094.0,443.0,6,0.16,1318,78,8,1396,8832.36,174.5,50.62,16.9,"ACK, SYN",->,0
23.192.228.76,10.20.73.129,443.0,65094.0,6,0.14,4082,74,7,4156,29124.24,593.71,49.05,55.16,"ACK, SYN",->,0
10.20.73.129,172.18.3.20,64472.0,53.0,17,0.0,0,85,1,85,0.0,85.0,0.0,0.0,,->,0
10.20.73.129,172.16.0.100,60401.0,53.0,17,0.0,0,85,1,85,0.0,85.0,0.0,0.0,,->,0
10.20.73.129,172.18.3.20,61144.0,53.0,17,0.0,0,85,1,85,0.0,85.0,0.0,0.0,,->,0
10.20.73.129,10.64.76.10,54491.0,53.0,17,0.0,0,85,1,85,0.0,85.0,0.0,0.0,,->,0
10.20.73.129,172.16.0.100,59206.0,53.0,17,0.0,0,85,1,85,89128960.0,85.0,1048576.0,0.0,,->,0
10.20.73.129,10.64.77.10,59082.0,53.0,17,0.0,0,85,1,85,0.0,85.0,0.0,0.0,,->,0
10.20.73.129,10.64.76.10,55402.0,53.0,17,0.0,0,85,1,85,0.0,85.0,0.0,0.0,,->,0
10.20.73.129,10.64.77.10,54988.0,53.0,17,0.0,0,85,1,85,0.0,85.0,0.0,0.0,,->,0
10.20.73.129,172.18.2.20,55107.0,53.0,17,0.0,0,85,1,85,89128960.0,85.0,1048576.0,0.0,,->,0
10.20.73.129,172.18.2.20,55170.0,53.0,17,0.0,0,85,1,85,0.0,85.0,0.0,0.0,,->,0
10.20.73.129,172.16.0.101,50169.0,53.0,17,0.0,0,85,1,85,0.0,85.0,0.0,0.0,,->,0
10.20.73.129,172.16.0.101,60810.0,53.0,17,0.0,0,85,1,85,0.0,85.0,0.0,0.0,,->,0
172.16.0.100,10.20.73.129,53.0,59206.0,17,0.0,0,101,1,101,0.0,101.0,0.0,0.0,,->,0
10.20.73.129,23.32.228.33,65095.0,443.0,6,1.99,1074,78,11,1152,578.43,104.73,5.52,13.77,"FIN, ACK, SYN",->,0
172.16.0.100,10.20.73.129,53.0,60401.0,17,0.0,0,225,1,225,0.0,225.0,0.0,0.0,,->,0
172.16.0.101,10.20.73.129,53.0,60810.0,17,0.0,0,101,1,101,0.0,101.0,0.0,0.0,,->,0
172.16.0.101,10.20.73.129,53.0,50169.0,17,0.0,0,225,1,225,0.0,225.0,0.0,0.0,,->,0
23.32.228.33,10.20.73.129,443.0,65095.0,6,1.98,3875,74,8,3949,1994.08,493.62,4.04,52.36,"FIN, ACK, SYN",->,0
10.20.73.129,172.18.3.20,62681.0,53.0,17,0.0,0,72,1,72,0.0,72.0,0.0,0.0,,->,0
10.20.73.129,172.18.3.20,62223.0,53.0,17,0.0,0,72,1,72,0.0,72.0,0.0,0.0,,->,0
10.20.73.129,172.16.0.101,50108.0,53.0,17,0.0,0,72,1,72,75497472.0,72.0,1048576.0,0.0,,->,0
10.20.73.129,172.16.0.100,52754.0,53.0,17,0.0,0,72,1,72,100663296.0,72.0,1398101.33,0.0,,->,0
10.20.73.129,10.64.76.10,49265.0,53.0,17,0.0,0,72,1,72,60397977.6,72.0,838860.8,0.0,,->,0
10.20.73.129,172.16.0.100,50080.0,53.0,17,0.0,0,72,1,72,0.0,72.0,0.0,0.0,,->,0
10.20.73.129,10.64.77.10,54313.0,53.0,17,0.0,0,72,1,72,0.0,72.0,0.0,0.0,,->,0
10.20.73.129,10.64.77.10,64305.0,53.0,17,0.0,0,72,1,72,0.0,72.0,0.0,0.0,,->,0
10.20.73.129,172.16.0.101,52015.0,53.0,17,0.0,0,72,1,72,60397977.6,72.0,838860.8,0.0,,->,0
10.20.73.129,172.16.0.101,59148.0,53.0,17,0.0,0,72,1,72,0.0,72.0,0.0,0.0,,->,0
10.20.73.129,10.64.76.10,58308.0,53.0,17,0.0,0,72,1,72,0.0,72.0,0.0,0.0,,->,0
10.20.73.129,10.64.76.10,55124.0,53.0,17,0.0,0,72,1,72,0.0,72.0,0.0,0.0,,->,0
10.20.73.129,10.64.77.10,56229.0,53.0,17,0.0,0,72,1,72,0.0,72.0,0.0,0.0,,->,0
10.20.73.129,172.18.2.20,49220.0,53.0,17,0.0,0,72,1,72,75497472.0,72.0,1048576.0,0.0,,->,0
10.20.73.129,172.18.2.20,50713.0,53.0,17,0.0,0,72,1,72,0.0,72.0,0.0,0.0,,->,0
10.20.73.129,172.18.2.20,60875.0,53.0,17,0.0,0,72,1,72,0.0,72.0,0.0,0.0,,->,0
10.20.73.129,172.18.3.20,63841.0,53.0,17,0.0,0,72,1,72,0.0,72.0,0.0,0.0,,->,0
10.20.73.129,172.16.0.100,52530.0,53.0,17,0.0,0,72,1,72,75497472.0,72.0,1048576.0,0.0,,->,0
172.16.0.100,10.20.73.129,53.0,50080.0,17,0.0,0,211,1,211,0.0,211.0,0.0,0.0,,->,0
10.20.73.129,172.16.0.100,63371.0,53.0,17,0.0,0,92,1,92,0.0,92.0,0.0,0.0,,->,0
10.20.73.129,172.18.3.20,50597.0,53.0,17,0.0,0,92,1,92,0.0,92.0,0.0,0.0,,->,0
10.20.73.129,172.16.0.101,60954.0,53.0,17,0.0,0,92,1,92,96468992.0,92.0,1048576.0,0.0,,->,0
10.20.73.129,10.64.76.10,64290.0,53.0,17,0.0,0,92,1,92,0.0,92.0,0.0,0.0,,->,0
10.20.73.129,10.64.77.10,59675.0,53.0,17,0.0,0,92,1,92,0.0,92.0,0.0,0.0,,->,0
10.20.73.129,172.18.2.20,53000.0,53.0,17,0.0,0,92,1,92,0.0,92.0,0.0,0.0,,->,0
172.16.0.101,10.20.73.129,53.0,60954.0,17,0.0,0,152,1,152,0.0,152.0,0.0,0.0,,->,0
172.16.0.100,10.20.73.129,53.0,63371.0,17,0.0,0,152,1,152,159383552.0,152.0,1048576.0,0.0,,->,0
172.16.0.100,10.20.73.129,53.0,52530.0,17,0.0,0,207,1,207,217055232.0,207.0,1048576.0,0.0,,->,0
10.20.73.129,10.64.76.10,56353.0,53.0,17,0.0,0,92,1,92,0.0,92.0,0.0,0.0,,->,0
10.20.73.129,172.18.3.20,53202.0,53.0,17,0.0,0,92,1,92,0.0,92.0,0.0,0.0,,->,0
10.20.73.129,10.64.77.10,51420.0,53.0,17,0.0,0,92,1,92,0.0,92.0,0.0,0.0,,->,0
10.20.73.129,172.18.2.20,50212.0,53.0,17,0.0,0,92,1,92,0.0,92.0,0.0,0.0,,->,0
10.20.73.129,172.16.0.101,58326.0,53.0,17,0.0,0,92,1,92,96468992.0,92.0,1048576.0,0.0,,->,0
10.20.73.129,172.16.0.100,63765.0,53.0,17,0.0,0,92,1,92,96468992.0,92.0,1048576.0,0.0,,->,0
10.20.73.129,17.253.83.201,65096.0,443.0,6,0.86,2058,78,18,2136,2497.62,118.67,21.05,26.38,"FIN, RST, ACK, SYN",->,0
172.16.0.100,10.20.73.129,53.0,63765.0,17,0.0,0,148,1,148,0.0,148.0,0.0,0.0,,->,0
17.253.83.201,10.20.73.129,443.0,65096.0,6,0.05,33786,74,29,33860,746836.28,1167.59,639.64,456.57,"ACK, SYN",->,0
172.16.0.101,10.20.73.129,53.0,59148.0,17,0.0,0,207,1,207,217055232.0,207.0,1048576.0,0.0,,->,0
172.16.0.101,10.20.73.129,53.0,52015.0,17,0.0,0,183,1,183,0.0,183.0,0.0,0.0,,->,0
172.16.0.101,10.20.73.129,53.0,50108.0,17,0.0,0,211,1,211,0.0,211.0,0.0,0.0,,->,0
172.16.0.100,10.20.73.129,53.0,52754.0,17,0.0,0,242,1,242,253755392.0,242.0,1048576.0,0.0,,->,0
172.16.0.101,10.20.73.129,53.0,58326.0,17,0.0,0,148,1,148,155189248.0,148.0,1048576.0,0.0,,->,0
10.20.73.129,172.18.3.20,50057.0,53.0,17,0.0,0,86,1,86,0.0,86.0,0.0,0.0,,->,0
10.20.73.129,172.18.3.20,64152.0,53.0,17,0.0,0,86,1,86,72142028.8,86.0,838860.8,0.0,,->,0
10.20.73.129,172.16.0.100,64568.0,53.0,17,0.0,0,86,1,86,0.0,86.0,0.0,0.0,,->,0
10.20.73.129,172.16.0.101,54026.0,53.0,17,0.0,0,86,1,86,0.0,86.0,0.0,0.0,,->,0
10.20.73.129,172.18.3.20,62800.0,53.0,17,0.0,0,79,1,79,0.0,79.0,0.0,0.0,,->,0
10.20.73.129,10.64.76.10,62626.0,53.0,17,0.0,0,86,1,86,0.0,86.0,0.0,0.0,,->,0
10.20.73.129,172.18.3.20,51115.0,53.0,17,0.0,0,81,1,81,0.0,81.0,0.0,0.0,,->,0
10.20.73.129,172.16.0.100,53126.0,53.0,17,0.0,0,79,1,79,0.0,79.0,0.0,0.0,,->,0
10.20.73.129,10.64.77.10,58042.0,53.0,17,0.0,0,86,1,86,0.0,86.0,0.0,0.0,,->,0
10.20.73.129,172.16.0.101,63001.0,53.0,17,0.0,0,79,1,79,0.0,79.0,0.0,0.0,,->,0
10.20.73.129,172.18.2.20,59410.0,53.0,17,0.0,0,86,1,86,0.0,86.0,0.0,0.0,,->,0
10.20.73.129,10.64.76.10,58222.0,53.0,17,0.0,0,79,1,79,82837504.0,79.0,1048576.0,0.0,,->,0
10.20.73.129,172.16.0.100,56952.0,53.0,17,0.0,0,86,1,86,0.0,86.0,0.0,0.0,,->,0
10.20.73.129,10.64.77.10,55486.0,53.0,17,0.0,0,79,1,79,0.0,79.0,0.0,0.0,,->,0
10.20.73.129,172.16.0.101,60446.0,53.0,17,0.0,0,86,1,86,72142028.8,86.0,838860.8,0.0,,->,0
10.20.73.129,172.16.0.100,55249.0,53.0,17,0.0,0,81,1,81,0.0,81.0,0.0,0.0,,->,0
10.20.73.129,172.18.2.20,62207.0,53.0,17,0.0,0,79,1,79,0.0,79.0,0.0,0.0,,->,0
10.20.73.129,172.16.0.101,50681.0,53.0,17,0.0,0,81,1,81,0.0,81.0,0.0,0.0,,->,0
10.20.73.129,10.64.76.10,60845.0,53.0,17,0.0,0,81,1,81,0.0,81.0,0.0,0.0,,->,0
10.20.73.129,10.64.76.10,60874.0,53.0,17,0.0,0,86,1,86,90177536.0,86.0,1048576.0,0.0,,->,0
10.20.73.129,10.64.77.10,62098.0,53.0,17,0.0,0,81,1,81,0.0,81.0,0.0,0.0,,->,0
10.20.73.129,172.18.2.20,51710.0,53.0,17,0.0,0,81,1,81,0.0,81.0,0.0,0.0,,->,0
10.20.73.129,10.64.77.10,54820.0,53.0,17,0.0,0,86,1,86,0.0,86.0,0.0,0.0,,->,0
10.20.73.129,172.18.2.20,58487.0,53.0,17,0.0,0,86,1,86,0.0,86.0,0.0,0.0,,->,0
172.16.0.101,10.20.73.129,53.0,63001.0,17,0.0,0,111,1,111,0.0,111.0,0.0,0.0,,->,0
172.16.0.100,10.20.73.129,53.0,53126.0,17,0.0,0,111,1,111,0.0,111.0,0.0,0.0,,->,0
172.16.0.100,10.20.73.129,53.0,56952.0,17,0.0,0,102,1,102,0.0,102.0,0.0,0.0,,->,0
172.16.0.101,10.20.73.129,53.0,60446.0,17,0.0,0,102,1,102,106954752.0,102.0,1048576.0,0.0,,->,0
172.16.0.101,10.20.73.129,53.0,50681.0,17,0.0,0,113,1,113,0.0,113.0,0.0,0.0,,->,0
172.16.0.100,10.20.73.129,53.0,64568.0,17,0.0,0,226,1,226,0.0,226.0,0.0,0.0,,->,0
172.16.0.100,10.20.73.129,53.0,55249.0,17,0.0,0,113,1,113,0.0,113.0,0.0,0.0,,->,0
172.16.0.101,10.20.73.129,53.0,54026.0,17,0.0,0,198,1,198,0.0,198.0,0.0,0.0,,->,0
10.20.73.129,173.194.167.230,65099.0,443.0,6,30.17,1947,78,12,2025,67.12,168.75,0.4,24.96,"ACK, SYN",->,0
173.194.167.230,10.20.73.129,443.0,65099.0,6,30.17,5571,74,11,5645,187.09,513.18,0.36,75.28,"ACK, SYN",->,0
10.20.73.129,173.194.167.230,61938.0,443.0,17,0.34,5176,1294,5,6470,18980.24,1294.0,14.67,4.0,,->,0
173.194.167.230,10.20.73.129,443.0,61938.0,17,0.0,0,1242,1,1242,1302331392.0,1242.0,1048576.0,0.0,,->,0
10.20.73.129,173.194.167.230,65101.0,443.0,6,29.53,72536,78,761,72614,2459.39,95.42,25.77,929.95,"ACK, SYN",->,0
173.194.167.230,10.20.73.129,443.0,65101.0,6,29.52,4468828,74,3155,4468902,151362.98,1416.45,106.86,60389.57,"ACK, SYN",->,0
10.20.73.129,172.217.12.138,65104.0,443.0,6,0.07,3646,78,16,3724,56124.8,232.75,241.14,46.74,"FIN, ACK, SYN",->,0
10.20.73.129,172.217.12.138,65105.0,443.0,6,0.07,3647,78,16,3725,56254.48,232.81,241.63,46.76,"FIN, ACK, SYN",->,0
172.217.12.138,10.20.73.129,443.0,65104.0,6,0.06,6365,74,14,6439,115214.66,459.93,250.51,86.01,"FIN, ACK, SYN",->,0
172.217.12.138,10.20.73.129,443.0,65105.0,6,0.06,6499,74,16,6573,116788.78,410.81,284.29,87.82,"FIN, ACK, SYN",->,0
10.20.73.129,172.217.12.138,63697.0,443.0,17,0.3,5176,1294,5,6470,21264.72,1294.0,16.43,4.0,,->,0
172.217.12.138,10.20.73.129,443.0,63697.0,17,0.0,0,1242,1,1242,0.0,1242.0,0.0,0.0,,->,0
10.20.73.129,142.250.176.10,60195.0,443.0,17,0.0,0,72,1,72,0.0,72.0,0.0,0.0,,->,0
10.20.73.129,23.32.228.33,65110.0,443.0,6,0.05,1627,78,12,1705,34056.51,142.08,239.69,20.86,"ACK, SYN",->,0
23.32.228.33,10.20.73.129,443.0,65110.0,6,0.04,9159,74,13,9233,237524.59,710.23,334.43,123.77,"ACK, SYN",->,0
10.20.73.129,10.20.0.1,61948.0,5351.0,17,0.0,54,44,2,98,106322.24,49.0,2169.84,1.23,,->,0
10.20.73.129,10.20.0.1,62727.0,5351.0,17,0.0,66,44,2,110,165366.82,55.0,3006.67,1.5,,->,0
10.20.73.129,10.20.0.1,62727.0,1900.0,17,0.0,0,136,1,136,114085068.8,136.0,838860.8,0.0,,->,0
10.20.73.129,239.255.255.250,62727.0,1900.0,17,0.0,179,136,2,315,563413.97,157.5,3577.23,1.32,,->,0
10.20.73.129,192.73.252.65,41641.0,3478.0,17,0.0,0,82,1,82,85983232.0,82.0,1048576.0,0.0,,->,0
192.73.252.65,10.20.73.129,3478.0,41641.0,17,0.0,0,74,1,74,0.0,74.0,0.0,0.0,,->,0
104.18.18.125,10.20.73.129,443.0,64449.0,6,0.01,132,105,3,237,25754.59,79.0,326.01,1.26,"FIN, ACK",->,0
10.20.73.129,104.18.18.125,64449.0,443.0,6,0.0,327,66,5,393,131521.7,78.6,1673.3,4.95,"FIN, ACK",->,0
10.20.73.129,172.16.0.101,50258.0,53.0,17,0.0,0,106,1,106,111149056.0,106.0,1048576.0,0.0,,->,0
10.20.73.129,172.18.3.20,61242.0,53.0,17,0.0,0,106,1,106,111149056.0,106.0,1048576.0,0.0,,->,0
10.20.73.129,172.16.0.100,54590.0,53.0,17,0.0,0,106,1,106,0.0,106.0,0.0,0.0,,->,0
10.20.73.129,172.18.3.20,61918.0,53.0,17,0.0,0,106,1,106,0.0,106.0,0.0,0.0,,->,0
10.20.73.129,10.64.77.10,57774.0,53.0,17,0.0,0,106,1,106,0.0,106.0,0.0,0.0,,->,0
10.20.73.129,172.16.0.101,60982.0,53.0,17,0.0,0,106,1,106,88919244.8,106.0,838860.8,0.0,,->,0
10.20.73.129,172.18.2.20,51091.0,53.0,17,0.0,0,106,1,106,0.0,106.0,0.0,0.0,,->,0
10.20.73.129,10.64.76.10,61078.0,53.0,17,0.0,0,106,1,106,0.0,106.0,0.0,0.0,,->,0
10.20.73.129,10.64.76.10,55874.0,53.0,17,0.0,0,106,1,106,88919244.8,106.0,838860.8,0.0,,->,0
10.20.73.129,172.16.0.100,52730.0,53.0,17,0.0,0,106,1,106,0.0,106.0,0.0,0.0,,->,0
10.20.73.129,172.18.2.20,54252.0,53.0,17,0.0,0,106,1,106,111149056.0,106.0,1048576.0,0.0,,->,0
172.16.0.100,10.20.73.129,53.0,54590.0,17,0.0,0,184,1,184,192937984.0,184.0,1048576.0,0.0,,->,0
172.16.0.100,10.20.73.129,53.0,52730.0,17,0.0,0,168,1,168,176160768.0,168.0,1048576.0,0.0,,->,0
10.20.73.129,172.16.0.100,64453.0,53.0,17,0.0,0,108,1,108,0.0,108.0,0.0,0.0,,->,0
10.20.73.129,172.16.0.101,53976.0,53.0,17,0.0,0,108,1,108,113246208.0,108.0,1048576.0,0.0,,->,0
10.20.73.129,172.18.3.20,60721.0,53.0,17,0.0,0,108,1,108,0.0,108.0,0.0,0.0,,->,0
10.20.73.129,10.64.77.10,51667.0,53.0,17,0.0,0,108,1,108,113246208.0,108.0,1048576.0,0.0,,->,0
10.20.73.129,10.64.76.10,52960.0,53.0,17,0.0,0,108,1,108,90596966.4,108.0,838860.8,0.0,,->,0
10.20.73.129,172.18.2.20,58690.0,53.0,17,0.0,0,108,1,108,0.0,108.0,0.0,0.0,,->,0
172.16.0.100,10.20.73.129,53.0,64453.0,17,0.0,0,179,1,179,0.0,179.0,0.0,0.0,,->,0
10.20.73.129,20.31.196.184,65115.0,443.0,6,0.53,5092,78,15,5170,9840.48,344.67,28.55,65.28,"FIN, ACK, SYN",->,0
172.16.0.101,10.20.73.129,53.0,60982.0,17,0.0,0,184,1,184,0.0,184.0,0.0,0.0,,->,0
20.31.196.184,10.20.73.129,443.0,65115.0,6,0.52,7563,74,15,7637,14683.37,509.13,28.84,102.2,"FIN, ACK, SYN",->,0
172.16.0.101,10.20.73.129,53.0,53976.0,17,0.0,0,179,1,179,0.0,179.0,0.0,0.0,,->,0
172.16.0.101,10.20.73.129,53.0,50258.0,17,0.0,0,168,1,168,176160768.0,168.0,1048576.0,0.0,,->,0
10.20.73.129,142.250.141.84,65117.0,443.0,6,0.16,7625,78,17,7703,49541.48,453.12,109.33,97.76,"ACK, SYN",->,0
142.250.141.84,10.20.73.129,443.0,65117.0,6,0.15,9329,74,21,9403,62001.81,447.76,138.47,126.07,"ACK, SYN",->,0
10.20.73.129,104.18.34.244,64779.0,443.0,6,0.01,222,105,4,327,36953.72,81.75,452.03,2.11,"FIN, ACK",->,0
104.18.34.244,10.20.73.129,443.0,64779.0,6,0.0,132,66,3,198,206687.95,66.0,3131.64,2.0,"FIN, ACK",->,0
